id,latitude,longitude,name,address,zip,city,state
6,46.518108,6.564945,Colladon,Route J-D. Colladon,1015,Ecublens,Active
7,46.522591,6.584961,Dorigny,UNIL Dorigny Bâtiment Extranef,1015,Ecublens,Active
8,46.518951,6.562162,Place Alan Turing,Chemin Alan Turing,1015,Ecublens,Active
9,46.519805,6.579676,Centre Sportif UNIL EPFL,Route Cantonale,1015,Ecublens,Active
10,46.526079,6.579268,Mouline,Rue de la Mouline,1022,Chavannes-près-Renens,Active
11,46.521978,6.564896,Rivier,Route de la Sorge,1015,Ecublens,Active
12,46.520723,6.568276,Piccard,Avenue Piccard,1015,Ecublens,Active
13,46.517153,6.561272,EPFL Innovation Park,Bâtiment G,1015,Ecublens,Active
14,46.5224054,6.5655126,Quartier nord,Campus,1000,Ecublens,Active
18,46.5367962297447,6.57834071739537,Gare de Renens,Place de la gare,1020,Renens,Active
20,46.506896,6.626253,Ouchy,Place de la Navigation,1006,Lausanne,Active
21,46.521043,6.573253,Sorge,UNIL Sorge,1015,Ecublens,Active
22,46.508486,6.499667,Casino,Place du Casino,1110,Morges,Active
23,46.5175143,6.5261484,Préverenges,Route de Genève,1028,Préverenges,Active
25,46.51729603169255,6.630497103216617,Lausanne Gare CFF Nord,Avenue de la Gare,1003,Lausanne,Active
26,46.521668,6.581345,Unil Centre,Unicentre,1015,Ecublens,Active
27,46.50225151684113,6.48110823288,Medtronic,Route du Molliau 31,1131,Tolochenaz,Active
28,46.515862,6.630461,Lausanne Gare CFF Sud,Passage des Saugettes 7,1003,Lausanne,Active
29,46.5058,6.6711,Paudex,Route du Lac,1094,Paudex,Active
30,46.511048,6.492569,Moulin,Gare de Morges,1110,Morges,Active
31,46.50737,6.495352,Dufour,Place Dufour,1110,Morges,Active
32,46.510581,6.496026,Sablon,Rue Centrale,1110,Morges,Active
33,46.512991,6.614122,Grand-Rive,Avenue de Rhodanie 40,1007,Lausanne,Active
34,46.532879,6.566487,Croset,Route du Bois 29a,1024,Ecublens,Active
35,46.510562,6.499863,Temple,Grand-Rue,1110,Morges,Active
36,46.51856,6.50736,Gracieuse,Avenue de Lonay,1110,Morges,Active
37,46.537813,6.581462,Place du Marché,Rue du Midi,1020,Renens,Active
38,46.526347,6.603215,Halte de Malley,Avenue du Chablais,1008,Prilly,Active
39,46.52804418,6.59119606,Longemalle,Avenue de Longemalle,1020,Renens,Active
40,45.9242,8.9192,Morcote,Riva Dal Garavéll 8,6922,Morcote,Active
41,45.953905,8.949715,Melide,Via alla Bola,6815,Melide,Active
42,45.998453,8.94848,Arte e Cultura LAC,Via Antonio Caccia,6900,Lugano,Active
43,46.005849,8.961709,Campo Marzio,Viale Castagnola 4,6900,Lugano,Active
44,46.065999,8.966679,Tesserete,Piazza Stazione,6950,Tesserete,Active
45,46.023159,8.959919,Stadio,Via Trevano 100,6900,Lugano,Active
46,46.021942,8.962901,Via Ciani,Via Giacomo E Filippo Ciani,6900,Lugano,Active
47,46.02398,8.968292,Pregassona,Via Terzerina,6900,Lugano,Active
48,46.0105808,8.95794,USI,Via Giuseppe Buffi 13,6900,Lugano,Active
49,46.005707,8.95184,Piazza Mercato/Contrada di Verla,Via Pretorio / Piazza Mercato,6900,Lugano,Active
50,45.984764,8.932378,Fornaci,Via Pian Scairolo 9,6912,Pazzallo,Active
51,45.991081,8.943799,Paradiso Centro,Via Franco Zorzi,6900,Lugano,Active
60,47.374413,8.540246,Die Station befindet sich bis am 4.1.24 vor der Uraniastrasse 7: Werdmühleplatz,Werdmühleplatz 1,8001,Zürich,Active
61,47.4099615,8.5452956,Marktplatz,Querstrasse 8,8050,Zürich,Active
80,47.3795837,8.5156327,Bullingerplatz,Bullingerstrasse 5,8004,Zürich,Active
81,47.3899342,8.5104051,Herdern,Pfingstweidstrasse 96e,8001,Zürich,Active
82,47.359675,8.535718,Hafen Enge,Mythenquai 50,8002,Zürich,Active
83,47.358663827,8.520370505,Comerge,Bubenbergstrasse 1,8045,Zürich,Active
84,47.3789825,8.5412505,Landesmuseum,Museumstrasse 2,8001,Zürich,Active
85,47.3716661,8.5235479,Bahnhof Wiedikon,Birmensdorferstrasse 80,8003,Zürich,Active
86,47.40781197,8.506822854,ETH Hönggerberg,Stefano-Franscini-Platz 5,8093,Zürich,Active
87,47.371083,8.536101,Pelikanplatz,Pelikanplatz 5,8001,Zürich,Active
88,47.364946,8.525788,Hürlimannplatz,Hürlimannplatz 90,8002,Zürich,Active
89,47.3713591,8.5313344,Stauffacherbrücke,Selnaustrasse 32,8001,Zürich,Active
90,47.3917964,8.5056978,Sportweg,Sportweg 25,8005,Zürich,Active
91,47.3917837,8.5181701,Puls 5,Hardturmstrasse 11,8005,Zürich,Active
92,47.3820827,8.5286468,Röntgenstrasse,Röntgenstrasse 6,8005,Zürich,Active
93,47.384918,8.531935,Limmatplatz,Kornhausbrücke 1,8005,Zürich,Active
94,47.3758639,8.5354006,Gessnerallee,Gessnerallee 15,8001,Zürich,Active
95,47.377148,8.523818,Bäckeranlage,Stauffacherstrasse 127,8004,Zürich,Active
96,47.378548,8.531836,Gustav-Gull-Platz,Lagerstrasse 44,8004,Zürich,Active
97,47.3771535,8.5104883,Zurlindenstrasse,Zurlindenstrasse 291,8003,Zürich,Active
98,47.3731102,8.5333139,Sihlstrasse,Sihlstrasse 81,8001,Zürich,Active
99,47.37497,8.519782,Kalkbreite,Badenerstrasse 172,8004,Zürich,Active
100,47.368064,8.539046,Zürcher Kantonalbank,Talstrasse 12,8001,Zürich,Active
101,47.3625938,8.5348427,Rentenanstalt,Breitingerstrasse 5,8002,Zürich,Active
102,47.3897772,8.5166922,Turbinenplatz,Technoparkstrasse 4,8005,Zürich,Active
104,47.373935,8.538633,Rennweg,Bahnhofstrasse 66,8001,Zürich,Active
105,47.377359,8.535855,Sihlpost,Kasernenstrasse 101,8004,Zürich,Active
106,47.382798,8.53545,Museum für Gestaltung,Ausstellungsstrasse 44,8005,Zürich,Active
107,47.365139,8.530916,Bederbrücke,Gutenbergstrasse 1,8002,Zürich,Active
108,47.386741,8.518982,Bahnhof Hardbrücke,Geroldstrasse 4,8005,Zürich,Active
109,47.37247535,8.53001018,"Werdstrasse, TX Group AG",Werdstrasse 21,8004,Zürich,Active
110,47.396401,8.4860017,Grünau,Grünauring 37,8064,Zürich,Active
112,47.388151,8.520449,Steinfelsareal,Josefstrasse 224,8005,Zürich,Active
114,46.9566007,7.4402185,Engehalde,Engehaldenstrasse 26,3012,Bern,Active
117,46.95675,7.46789,Mingerstrasse,Mingerstrasse 20,3006,Bern,Active
118,46.96845,7.46242,SBB Hilfikerstrasse,Schädelinstrasse 4,3014,Bern,Active
119,46.95752776631194,7.440576239521807,PostAuto Engehalde,Engehaldenstrasse 37,3012,Bern,Active
121,46.956956,7.48287,SBB Poststrasse,Poststrasse 5,3072,Ostermundigen,Active
122,46.9613082,7.4466679,SBB Wylerpark,Wylerstrasse 123,3014,Bern,Active
124,47.37209,8.520482,Weststrasse,Weststrasse 115,8003,Zürich,Active
125,47.378521,8.496727,Utogrund,Albisriederstrasse 200,8047,Zürich,Active
126,47.381356,8.510418,Hardau,Bullingerstrasse 73,8004,Zürich,Active
127,47.361567,8.525525,Klopstockwiese,Klopstockstrasse 23,8002,Zürich,Active
128,47.36309,8.51813,Binz,Haldenstrasse 7,8045,Zürich,Active
129,47.379952,8.542726,Stampfenbachplatz,Walchestrasse 11,8006,Zürich,Active
130,47.391366,8.488108,Bahnhof Altstetten,Altstetterplatz 1,8048,Zürich,Active
131,47.365045,8.553922,Kreuzplatz,Kreuzplatz 1,8032,Zürich,Active
132,47.35594,8.549852,Blatterwiese,Höschgasse 3,8008,Zürich,Active
133,47.36162,8.554501,Villa Bleuler,Feldeggstrasse 80,8008,Zürich,Active
134,47.358557,8.557088,Mühlebachstrasse,Mühlebachstrasse 131,8008,Zürich,Active
135,47.361335,8.547781,Seebad Utoquai,Utoquai 50,8008,Zürich,Active
137,47.370869,8.548045,Kunsthaus,Heimplatz 1,8001,Zürich,Active
138,47.375933,8.543447,Central,Limmatquai 138,8001,Zürich,Active
139,47.410618,8.55189,Messe/Hallenstadion,Wallisellenstrasse 46,8050,Zürich,Active
140,47.366904,8.533736,Bleicherweg,Bleicherweg 33,8002,Zürich,Active
141,47.366752,8.544935,Bellevue,Bellevueplatz 2,8001,Zürich,Active
142,47.3742296,8.5285533,Stauffacher,Stauffacherstrasse 41,8004,Zürich,Active
143,47.3899,8.523722,Escher-Wyss-Platz,Limmatstrasse 310,8005,Zürich,Active
146,46.004469,8.947096,Stazione FFS,Via Clemente Maraini P+R,6900,Lugano,Active
149,47.392336,8.491061,Vulkanplatz,Vulkanplatz 1,8048,Zürich,Active
150,47.359884,8.523071,Utoplatz,Kalendergasse 2,8045,Zürich,Active
151,47.387685,8.486284,Lindenplatz,Lindenplatz 1,8048,Zürich,Active
152,47.389823,8.49163,Luggweg,Luggwegstrasse 2,8048,Zürich,Active
153,47.365272,8.52174,Manesseplatz,Manessestrasse 87,8045,Zürich,Active
154,47.372329,8.52714,Werd,Werdstrasse 75,8004,Zürich,Active
156,47.386596,8.490837,Luggwegstrasse VBZ,Badenerstrasse 627,8048,Zürich,Active
157,47.355381,8.535119,Strandbad Mythenquai,Mythenquai 95,8002,Zürich,Active
158,47.373675,8.545505,Predigerplatz,Predigerpatz 21,8001,Zürich,Active
159,47.371868,8.515558,Zwinglihaus,Aemtlerstrasse 23,8003,Zürich,Active
160,47.385718,8.524762,Josefwiese,Otto-Str. 25,8005,Zürich,Active
161,46.38278,6.24357,"Nyon, Débarcadère",Rue de Rive 24-28,1260,Nyon,Active
162,46.38347,6.2137814,"Eysins, Terre Bonne Park",Route de Crassier 13,1262,Eysins,Active
163,46.3995398,6.2321083,"Nyon, Changins",Domaine de Changins,1260,Duillier,Active
164,47.387531,8.527138,Markthalle,Röntgenstrasse 87,8005,Zürich,Active
165,46.38421,6.23491,"Nyon, Gare Nord",Route de Saint-Cergue 1,1260,Nyon,Active
166,46.425927,6.28774,"Gland, La Lignière",La Lignière,1196,Gland,Active
167,46.39294,6.23856,"Nyon, Triangle de l'Etraz",Route de l'Etraz 70,1260,Nyon,Active
168,46.417718,6.267441,"Gland, Swissquote",Chemin de la Crétaux 2,1196,Gland,Active
169,46.4223802,6.2585274,"Gland, Les Tuillières",Rue des Tuillières 1,1196,Gland,Active
170,46.420278,6.270556,"Gland, Gare Sud",Rue du Perron 2,1196,Gland,Active
171,46.41609,6.278163,"Gland, UICN",Rue Mauverney 28,1196,Gland,Active
174,46.9436036,7.4071777,Europaplatz,Freiburgstrasse 130,3008,Bern,Active
175,46.9393577,7.3863865,Statthalterstrasse,Freieckweg 2,3018,Bern,Active
176,46.935853071517315,7.390354333129826,Technopark,Weidgasse 2,3018,Bern,Active
177,46.94941743287729,7.381454366484235,Holenackerstrasse,Holenackerstrasse 24,3027,Bern,Active
178,46.9372059,7.3872274,Kleefeld,Mädergutstrasse 5,3018,Bern,Active
179,46.9454695,7.3928104,Schwabgut,Schwabstrasse 10,3018,Bern,Active
180,46.9477116,7.3774722,Gäbelbach,Colombstrasse 11,3027,Bern,Active
181,46.9378963,7.3954739,Bahnhof Bümpliz Süd,Bümplizstrasse 187,3018,Bern,Active
182,46.96274,7.46276,Stadion Wankdorf,Morgartenstrasse 1,3014,Bern,Active
183,46.9432034,7.4735436,Sonnenhofspital,Buchserstrasse 26,3006,Bern,Active
184,46.9489732,7.3882333,Tscharnergut,Waldmannstrasse 31,3027,Bern,Active
185,46.946664,7.400752,Bahnhof Stöckacker,Untermattweg 36,3027,Bern,Active
186,46.9493284,7.3939866,Bethlehem Kirche,Murtenstrasse 266,3027,Bern,Active
187,46.947127654625206,7.46573539047808,Schule Laubegg,Schosshaldenstrasse 37,3006,Bern,Active
188,46.95518301852439,7.451799078591182,Viktoriaplatz,Beundenfeldstrasse 2,3013,Bern,Active
189,46.9618565,7.4592662,Tellplatz,Tellstrasse 20,3014,Bern,Active
190,46.9603316,7.4614522,Tellstrasse EJPD,Wankdorfstrasse 1,3014,Bern,Active
191,46.960116251597235,7.454334866797193,Stauffacherplatz,Scheibenstrasse 13,3014,Bern,Active
192,46.9677817,7.4646494,Wankdorf Bhf Nord,Trüsselstrasse,3014,Bern,Active
193,46.9552642,7.4593279,Kasernenstrasse HKB,Kasernenstrasse 13k,3014,Bern,Active
194,46.95860113643669,7.456935120256138,Kasernenwiese,Militärstrasse 42,3014,Bern,Active
195,46.9543451,7.4453536,Lorrainebrücke,Lorrainestrasse 1,3013,Bern,Active
196,46.9665865,7.4639627,Wankdorf Bhf Süd,Wankdorffeldstrasse 2,3014,Bern,Active
197,46.9394841,7.3899968,Bachmätteli,Bottigenstrasse 9,3018,Bern,Active
198,46.9439597,7.3746103,Westside,Riedbachstrasse 96,3027,Bern,Active
199,46.9456501,7.3901001,Bahnhof Bümpliz Nord,Mühledorfstrasse 20,3018,Bern,Active
201,46.95602789210635,7.425797884262834,Länggasse,Länggasstrasse 124,3012,Bern,Active
202,46.9565421,7.4317735,Neufeldstrasse,Neufeldstrasse 20,3012,Bern,Active
203,46.9569128,7.4376583,Bierhübeli,Neubrückstrasse 70,3012,Bern,Active
204,46.9515508,7.4345382,Falkenplatz,Länggassstrasse 7,3012,Bern,Active
205,46.032852,8.921806,Manno Parco Giova,Via Norello 4,6928,Manno,Active
206,45.982042,8.883593,Magliaso FLP,Via Stazione  18,6983,Magliaso,Active
207,46.001154,8.934162,Sorengo Parco Sportivo,Via al Laghetto 5,6924,Sorengo,Active
208,45.977309,8.875447,Caslano FLP,Via Stazione 77,6987,Caslano,Active
209,46.022676,8.917196,Manno Centro di Calcolo,Via Cantonale 16,6928,Manno,Active
210,45.996253,8.900957,Agno FLP,Via Stazione 2,6982,Agno,Active
211,46.383066,6.225766,"Nyon, Hôpital",Chemin de Monastier,1260,Nyon,Active
212,46.958717,7.4646494,Guisanplatz Expo,Mingerstrasse 4,3006,Bern,Active
213,46.9503428,7.435298,UniS,Schanzeneckstrasse 1,3012,Bern,Active
214,46.94626,7.43804,Wallgasse,Wallgasse 3,3011,Bern,Active
215,46.9520639,7.4615809,Rosengarten Ost,Reiterstrasse 19,3006,Bern,Active
216,46.9538192,7.4581813,Schönburg,Spitalackerstrasse 12,3013,Bern,Active
217,46.9483305,7.44079,Bahnhofplatz,Spitalgasse 44,3011,Bern,Active
218,46.961965,7.452968,Breitfeld,Weingartstrasse 59,3014,Bern,Active
219,46.9514853,7.4303815,Bühlstrasse Uni,Bühlstrasse 37,3012,Bern,Active
220,46.9559178,7.4467885,Dammweg TX Group AG,Dammweg 9,3013,Bern,Active
221,46.9519742,7.4227466,Fabrikstrasse Uni Bern,Fabrikstrasse 2,3012,Bern,Active
222,46.9534366,7.4239308,Hochschulzentrum von Roll,Fabrikstrasse 14,3012,Bern,Active
223,46.9506632,7.4370414,Hauptgebäude Uni Bern,Falkenplatz 4,3012,Bern,Active
224,46.9541456,7.4307168,Unitobler West,Lerchenweg 37,3012,Bern,Active
225,46.95560612233403,7.428042090100739,Hochfeldstrasse,Länggassstrasse 74,3012,Bern,Active
226,46.9557805,7.4352658,Uni Mittelstrasse,Mittelstrasse 38,3012,Bern,Active
227,46.9545136,7.4294963,Unitobler Ost,Muesmattstrasse 45,3012,Bern,Active
228,46.9534206,7.4328277,Mittelstrasse Süd,Mittelstrasse 5,3012,Bern,Active
229,46.9412568,7.4507099,Nationalbibliothek,Helvetiastrasse 21,3005,Bern,Active
230,46.9547361,7.4333909,Sattler-Gelateria,Mittelstrasse 18,3012,Bern,Active
231,46.9524539,7.4354213,Hallerstrasse,Hallerstrasse 9,3012,Bern,Active
232,46.9441328,7.449692,Helvetiaplatz,Helvetiaplatz 1,3005,Bern,Active
233,46.802604,7.1509925,Gare de Fribourg,Avenue de la Gare 1,1700,Fribourg,Active
234,46.815219,7.155715,Fribourg-Gottéron,Rue de Morat,1700,Fribourg,Active
235,46.793372,7.1584206,Uni Pérolles,Boulevard de Pérolles 95,1700,Fribourg,Active
236,46.8104076,7.1730614,Schönberg,Route de la Heitera 3,1700,Fribourg,Active
237,46.806661,7.1620248,Bourg,Place de Notre-Dame,1700,Fribourg,Active
238,46.7804953,7.1505764,Marly - La Jonction,Route de Fribourg 15,1723,Marly,Active
239,46.7931454,7.1322764,Cormanon,Route de la Berra 2,1752,Villars-sur-Glâne,Active
240,46.7899747,7.1160135,Gare de Villars-sur-Glâne,Route des Préalpes 1,1752,Villars-sur-Glâne,Active
241,46.794798,7.114034,Les Dailles,Route du Bugnon 38,1752,Villars-sur-Glâne,Active
244,46.9603536,7.4485856,Wyleregg,Wylerstrasse 51,3014,Bern,Active
245,46.012749,8.914699,Molinazzo,Via Longa,6934,Bioggio,Active
246,46.040345,8.932433,Lamone - Cadempino FFS,Via Girella 49,6814,Lamone,Active
247,46.020356,8.916114,Bioggio Via Industria,Via Industria 31,6934,Bioggio,Active
248,45.993326,8.924532,Cappella-Agnuzzo FLP,Cappella-Agnuzzo,6925,Collina d'Oro,Active
249,46.000482,8.912639,Muzzano Industria,Via Industria,6933,Muzzano,Active
250,46.9490849,7.4444363,Waisenhausplatz,Waisenhausplatz 21,3011,Bern,Active
251,46.9487682,7.4475691,Kornhausplatz,Kornhausplatz 18,3011,Bern,Active
252,46.9497908,7.4441278,Speichergasse PROGR,Waisenhausplatz 28,3011,Bern,Active
253,46.9534004,7.4285549,Uni Muesmatt,Muesmattstrasse 29,3012,Bern,Active
254,46.9486345,7.4567436,Nydegg,Nydeggasse 13,3011,Bern,Active
255,46.9526864,7.4299899,Pauluskirche Bern,Freiestrasse 3,3012,Bern,Active
256,46.9555118,7.4768856,Zentweg,Zentweg 25,3006,Bern,Active
257,46.9480422,7.4502406,Simsonbrunnen,Kramgasse 40,3011,Bern,Active
258,46.9475995,7.4473498,Theaterplatz,Theaterplatz 4,3011,Bern,Active
259,46.9539295,7.4267524,Waldheim,Freiestrasse 43,3012,Bern,Active
260,46.9486794,7.4532728,Postgasse,Postgasse 66,3011,Bern,Active
261,46.9366583,7.4679887,Ringoltingenstrasse,Ringoltingenstrasse 21,3006,Bern,Active
262,46.9416249,7.4631929,Böcklinstrasse,Brunnadernstrasse 20,3006,Bern,Active
263,47.359978,8.552717,Feldeggstrasse,Seefeldstrasse 96,8008,Zürich,Active
264,47.353198,8.553189,Lake Side,Bellerivestrasse 170,8008,Zürich,Active
266,47.375819,8.516676,Lochergut,Badenerstrasse 246,8004,Zürich,Active
271,46.947856328360984,7.436903989490435,PostParc Velostation (06:00-22:00)- INSIDE the building!,Schanzenstrasse 5,3008,Bern,Active
273,47.389862,8.514605,Westpark,Pfingstweidstrasse 60,8005,Zürich,Active
274,47.375991201,8.541239126,Beatenplatz,Beatenplatz 1,8001,Zürich,Active
275,47.394007,8.542036,Pauluskirche,Milchbuckstrasse 52,8057,Zürich,Active
276,47.414545,8.552747,Airgate,Hagenholzstrasse 51,8050,Zürich,Active
277,47.413514,8.537816,Lamprechtweg,Birchstrasse 183,8050,Zürich,Active
278,47.417701,8.545602,Emil-Oberhänsli,Felsenrainstrasse 2,8050,Zürich,Active
279,47.39808,8.533647,Bucheggplatz,Bucheggplatz 2,8057,Zürich,Active
280,47.392347,8.523549,Wipkingerplatz,Wipkingerplatz 4,8037,Zürich,Active
284,46.520469823395864,6.630836110862832,Place de l’Europe,Place Centrale,1003,Lausanne,Active
285,47.36691,8.548562,Bahnhof Stadelhofen,Galerie über Gleis 3,8001,Zürich,Active
286,47.3985553,8.493822,Tüffenwies,Meierwiesenstrasse 12-4,8064,Zürich,Active
288,45.982056,8.918121,Montagnola Piazza Brocchi,Piazza Brocchi,6926,Montagnola,Active
289,46.012555,8.943487,Massagno,"via dei Platani,",6908,Massagno,Active
290,46.946888089472424,7.445830418186601,Nationalbank,Inselgasse 1,3011,Bern,Active
291,46.9635131,7.4555218,Markuskirche,Winkelriedstrasse 56,3014,Bern,Active
292,46.946604,7.441624,Bundesgasse,Bundesgasse 3,3011,Bern,Active
293,46.9465196,7.4481457,Casinoplatz,Casinoplatz 3,3011,Bern,Active
294,46.95386,7.4365667,Hallerstrasse West,Zähringerstrasse 13,3012,Bern,Active
295,46.9371056,7.4178248,Sporthalle Weissenstein,Hardeggerstrasse 1,3008,Bern,Active
296,46.9439259,7.3853056,Stapfenacker,Brünnenstrasse 61,3018,Bern,Active
298,46.9427331,7.4595458,Seminar,Seminarstrasse 15,3006,Bern,Active
299,46.9399346,7.3825121,Waldmeisterstrasse,Waldmeisterstrasse 36,3018,Bern,Active
300,46.9371912,7.4360892,Wander,Weissenbühlweg 36,3007,Bern,Active
301,46.9440348,7.4120405,Steigerhubel,Schlossstrasse 112,3008,Bern,Active
302,46.938576,7.437862,Wabernstrasse,Wabernstrasse 34,3007,Bern,Active
303,46.95099,7.4726263,Zentrum Paul Klee,Undo-endo 24a,3006,Bern,Active
304,46.9429736,7.4302386,Zieglerstrasse,Zieglerstrasse 62,3007,Bern,Active
305,46.9413996,7.4316924,Eigerplatz,Mühlemattstrasse 59,3007,Bern,Active
306,46.9400198,7.4317782,Eigerplatz Süd,Seftigenstrasse 1,3007,Bern,Active
307,46.948011846616254,7.421892556487192,Friedbühlstrasse,Friedbühlstrasse 51,3008,Bern,Active
308,46.9465416,7.4356627,Hallenbad Hirschengraben,Maulbeerstrasse 17,3011,Bern,Active
309,46.9405957,7.418738,Fischermätteli,Könizstrasse 73,3008,Bern,Active
310,46.959334038741154,7.434909268498735,Freies Gymnasium,Hochfeldstrasse 115,3012,Bern,Active
311,46.9442197,7.4366739,Kapellenstrasse BFF,Kapellenstrasse 8,3011,Bern,Active
312,46.9356089,7.4471426,Ka-We-De,Jubiläumsstrasse 101,3005,Bern,Active
313,46.9415535,7.4708855,Jolimontstrasse,Jolimontstrasse 18,3006,Bern,Active
314,46.9450822,7.4324521,Haslerstrasse,Haslerstrasse 4,3008,Bern,Active
315,46.9424453,7.4431193,Marzilibad,Marzilistrasse 29,3005,Bern,Active
316,46.9446775,7.4432641,Marzilibahn,Brückenstrasse 20,3005,Bern,Active
317,46.9460279,7.4332165,Kocherpark,Effingerstrasse 27,3008,Bern,Active
318,46.9410334,7.4359176,Monbijoustrasse,Monbijoustrasse 61,3007,Bern,Active
319,47.00268,7.44109,Post IT Zollikofen,Webergutstrasse 12,3052,Zollikofen,Active
320,46.946466,7.452518,Mattelift,Badgasse 21,3011,Bern,Active
321,46.93965162143165,7.440241261842887,Monbijoubrücke,Eigerstrasse 80,3007,Bern,Active
322,46.9347023,7.4420357,Schöneggweg,Zinggstrasse 37,3007,Bern,Active
323,46.933646280041835,7.448225744500959,Restaurant Dählhölzli,Tierparkweg 2,3005,Bern,Active
324,46.94588,7.41549,Schenkstrasse,Huberstrasse 2,3008,Bern,Active
325,46.9360173,7.4300596,Bahnhof Weissenbühl,Südbahnhofstrasse 14b,3007,Bern,Active
326,46.9478691,7.4598938,Bärenpark,Grosser-Muristalden 4,3006,Bern,Active
327,46.938964,7.4476281,Anshelmstrasse,Aegertenstrasse 49,3005,Bern,Active
328,46.9417265,7.3930062,Bümpliz Post,Keltenstrasse 106,3018,Bern,Active
329,46.94167,7.42598,Cäcilienplatz,Brunnmattstrasse 55,3007,Bern,Active
330,46.9427163,7.4410406,Brückenstrasse BFH,Brückenstrasse 73,3005,Bern,Active
331,46.9458073,7.4270475,Brunnmattschulhaus,Brunnmattstrasse 16,3007,Bern,Active
332,46.943804,7.4694264,Egelgasse-Ostring,Egelgasse 72,3006,Bern,Active
333,46.936635808279966,7.475831165818141,Egghölzli,Egghölzlistrasse 3A,3006,Bern,Active
334,46.520202,6.571784,Forel,Avenue Forel,1015,Ecublens,Active
335,46.54873,6.57476,Mongevon,Chemin de Mongevon 4,1023,Crissier,Active
347,46.941479,7.466444,Burgernziel,Muristrasse 64,3006,Bern,Active
348,46.97179532778565,7.44576189083437,Rossfeld,Rossfeldstrasse 7,3004,Bern,Active
349,46.93874927649203,7.475214965129108,Hauptsitz PubliBike,Weltpoststrasse 5,3015,Bern,Active
352,46.9403,7.458608,Thunplatz,Thunplatz 52,3005,Bern,Active
353,46.94831,7.44035,Bahnhofplatz Mobile Station Bern 4,Spitalgasse 44,3011,Bern,Active
356,47.380319,8.552615,Siriuswiese,Siriusstrasse 4,8044,Zürich,Active
357,47.370141,8.527298,Hallwylstrasse,Hallwylstrasse 71,8004,Zürich,Active
358,47.397293,8.541453,Milchbuck,Schaffhauserstrasse 137,8057,Zürich,Active
359,47.393365,8.512551,Fischerweg,Hardturmstrasse 161,8005,Zürich,Active
360,47.3876979,8.5421457,Kirche Unterstrass,Turnerstrasse 47,8006,Zürich,Active
361,47.394554,8.522117,Dorfstrasse,Dorfstrasse 40,8037,Zürich,Active
362,47.37271,8.530437,Stauffachertor,Werdstrasse 25,8004,Zürich,Active
363,47.416155,8.541712,Wahlenpark,Eggbühlstrasse 21,8050,Zürich,Active
364,47.3708387,8.5595335,Kinderspital,Dolderstrasse 32,8032,Zürich,Active
365,47.388689,8.536433,Kornhausstrasse,Kornhausstrasse 30,8006,Zürich,Active
366,47.407098,8.55033,Dorflinde,Schwamendingenstrasse 41,8050,Zürich,Active
367,47.368474,8.559983,Römerhof,Ilgenstrasse 22,8032,Zürich,Active
368,47.3619068,8.5609218,Hegibachplatz,Forchstrasse 99,8032,Zürich,Active
370,47.4039985,8.5721264,Schwamendingerplatz,Winterthurerstrasse 519,8051,Zürich,Active
371,46.933433,7.466467,Elfenau,Elfenauweg 92,3006,Bern,Active
372,46.970948,7.472052,GVB,Papiermühlestrasse 130,3063,Ittigen,Active
374,46.88922737105038,7.367057544825261,SwissBikePark Oberried,Oberriedgässli 6,3145,Niederscherli,Active
377,46.0121344,8.9657021,Viganello,Via la Santa,6900,Lugano,Active
378,46.0082843,8.9512745,Via Ginevra,via Ginevra,6900,Lugnao,Active
379,46.008095,8.957432,Lambertenghi,Via Bertaro Lambertenghi,6900,Lugano,Active
380,46.0090116,8.9638054,Via Dei Faggi,Viale dei Faggi,6900,Lugano,Active
381,46.012252,8.955118,Piazza Molino Nuovo,Piazza Molino Nuovo,6900,Lugano,Active
382,45.972202,8.915525,Bigogno - Campo sportivo,Via Collina d'Oro,6926,Colina d'Oro,Active
384,47.378556,8.520168,Hermann-Greulich-Strasse,Herman-Greulich-Strasse 56,8004,Zürich,Active
385,47.368939,8.523306,Aegerten,Erlachstrasse 3,8003,Zürich,Active
386,47.384902,8.547904,Rigiplatz,Culmannstrasse 100,8006,Zürich,Active
387,47.411057,8.543768,Bahnhof Oerlikon Süd,Hofwiesenstrasse 369,8050,Zürich,Active
388,47.412732,8.544185,Max-Frisch-Platz,Jungholzstrasse 6,8050,Zürich,Active
389,47.413032,8.558096,Hunziker-Areal,Andreasstrasse,8050,Zürich,Active
390,47.412873,8.533265,Louis-Häfliger-Park,Regina-Kägi-Strasse 1,8050,Zürich,Active
391,47.401852,8.499265,Meierhofplatz,Limmattalstrasse 177,8049,Zürich,Active
392,47.393309,8.528074,Röschibachplatz,Röschibachstrasse 73,8037,Zürich,Active
393,47.415721,8.538067,Oerliker Park,Birchstrasse 191,8050,Zürich,Active
396,47.409881,8.535767,Holunderhof,Regensbergstrasse 195,8050,Zürich,Active
411,46.9257473,7.3770699,Niederwangen Bahnhof,Freiburgstrasse 554a,3098,Köniz,Active
412,46.9266467,7.4359484,Bellevuestrasse,Bellevuestrasse 75,3095,Köniz,Active
413,46.9250228,7.4154375,Köniz Bahnhof,Sonnenweg 22,3098,Köniz,Active
414,46.926197,7.417231,Brühlplatz,Schwarzenburgstrasse 236,3098,Köniz,Active
415,46.916092,7.418571,Entsorgungshof Werkhof,Muhlernstrasse 101,3098,Köniz,Active
416,46.93046,7.428167,Steinhölzli,Kirchstrasse 6a,3097,Köniz,Active
417,46.92903811738819,7.417226193945767,Neuhausplatz,Könizstrasse 249,3097,Köniz,Active
418,46.92878380186514,7.44610102408428,Wabern Bahnhof,Bahnhofstrasse 14,3084,Köniz,Active
419,46.93036,7.41929,Liebefeld Bahnhof,Stationsstrasse 1,3097,Köniz,Active
420,46.9356189,7.4165883,Vidmar,Könizstrasse 161,3097,Köniz,Active
421,46.9229774,7.4141121,Köniz Zentrum,Bläuacker 10,3098,Köniz,Active
422,46.92775,7.453419,Tram-Endstation,Seftigenstrasse 280,3084,Köniz,Active
423,46.933129,7.455933,Camping Eichholz,Strandweg 49,3084,Köniz,Active
424,47.406988,8.532464,Birchdörfli,Künzlistrasse 41,8057,Zürich,Active
425,47.420757,8.508131,Bahnhof Affoltern,S-Bahnhof 1,8046,Zürich,Active
426,47.4039845,8.5787183,Kronwiesen,Kronwiesenstrasse 35,8051,Zürich,Active
427,47.4188324,8.5064743,Zehntenhausplatz,Wehntalerstrasse 541,8046,Zürich,Active
428,47.40158,8.58841,Hirzenbachstrasse,Hirzenbachstrasse 2-4,8051,Zürich,Active
429,47.4080095,8.5777038,Luegisland,Luegislandstrasse 412,8051,Zürich,Active
430,47.382577,8.546903,Stapferstube,Stapferstrasse 7,8006,Zürich,Active
431,47.362209,8.510788,Binz Center,Grubenstrasse 52,8045,Zürich,Active
434,46.0159412,8.9668282,Via Crocetta,Via Crocetta,6900,Lugano,Active
435,46.009713,8.96008,Ospedale Italiano di Lugano,Via Pietro Cappelli,6900,Lugano,Active
436,46.014127,8.959087,Casa Serena,Via Marco da Carona 10-12,6900,Lugano,Active
437,46.01876,8.96429,Via Ceresio,Via Ceresio,6900,Lugano,Active
438,46.0036519,8.9529036,Piazza Manzoni,Piazza Manzoni,6900,Lugano,Active
440,46.0166117,8.9596513,Via Beltramina,Via Beltramina 16,6900,Lugano,Active
441,45.989126,8.946661,Paradiso Stazione FFS,Via Carona,6900,Paradiso,Active
444,47.375247,8.496511,Sackzelg,Letzigraben 139,8047,Zürich,Active
445,47.4095467,8.5563463,Hallenbad Oerlikon,Kühriedweg,8050,Zürich,Active
446,47.3663708,8.514176,Binzallee,Talwiesenstrasse 92,8055,Zürich,Active
447,47.371455,8.5070564,Gutstrasse,Gutstrasse 87,8055,Zürich,Active
448,47.379686,8.501312,Freibad Letzigraben,Letzigraben 43,8003,Zürich,Active
449,47.383858,8.528796,Gasometerstrasse,Gasometerstrasse 24,8005,Zürich,Active
450,47.350578,8.560587,Bahnhof Tiefenbrunnen,Bellerivestrasse 245,8008,Zürich,Active
451,47.381915,8.515252,Hardplatz,Sihlfeldstrasse 175,8004,Zürich,Active
452,47.356387,8.526158,Rieterplatz,Waffenplatzstrasse 89,8002,Zürich,Active
453,47.3836391,8.4941268,Flurpark,Flurstrasse 62,8048,Zürich,Active
454,47.364871,8.537971,General-Guisan-Quai,General-Guisan-Quai 17,8002,Zürich,Active
455,47.385711,8.499287,Letzipark,Baslerstrasse 51,8048,Zürich,Active
456,46.965031,7.4589906,Wankdorffeldstrasse,Wankdorffeldstrasse 97,3014,Bern,Active
457,46.9525271,7.4498355,Kursaal,Sonnenbergstrasse 14,3013,Bern,Active
458,46.9458027,7.4729321,Giacomettistrasse,Giacomettistrasse 25,3006,Bern,Active
459,46.958241,7.4474859,Römerweg,Turnweg 19,3013,Bern,Active
460,46.9662414,7.4558243,Stauffacherstrasse,Stauffacherstrasse 65,3014,Bern,Active
461,46.9470671,7.3957642,Bethlehemstrasse Säge,Untermattweg 80,3027,Bern,Active
462,46.9558281,7.4529965,Spitalacker Schulhaus,Beundenfeldstrasse 13,3013,Bern,Active
463,46.9593467,7.4518043,Allmendstrasse,Allmendstrasse 24,3014,Bern,Active
464,46.9523752,7.3914921,Melchiorstrasse,Kasparstrasse 15a,3027,Bern,Active
465,46.94694772769555,7.388948353838325,Fellerstrasse,Fellerstrasse 30,3027,Bern,Active
466,46.9486216,7.3827534,Holenacker Station,Bethlehem b. Bern Holenacker,3027,Bern,Active
467,46.93992,7.3950333,Kirche St. Antonius,Morgenstrasse 56,3018,Bern,Active
468,46.94730845562206,7.393210711796317,Waldmannstrasse,Waldmannstrasse 5,3027,Bern,Active
469,46.9450382,7.3791687,Riedbachstrasse Park,Riedbachstrasse 77,3027,Bern,Active
470,46.9438169,7.3955825,Schwabstrasse Kreisel,Keltenstrasse 41,3018,Bern,Active
471,46.94774434260293,7.40357158919319,Weyermannshaus Bad,Stöckackerstrasse 9,3027,Bern,Active
472,46.9477995,7.454056,Junkerngasse,Junkerngasse 30,3011,Bern,Active
473,46.9491966,7.445947,Predigergasse,Predigergasse 6,3011,Bern,Active
474,46.9501048,7.4283779,Depotstrasse,Depotstrasse 2,3012,Bern,Active
475,46.9475304,7.4521275,Münster,Münstergasse 2,3011,Bern,Active
476,46.9459831,7.4394178,Kleine Schanze,Schwanengasse 14,3011,Bern,Active
477,46.9616862,7.4396136,Innere Enge,Engestrasse 54a,3012,Bern,Active
478,46.9406928,7.4431488,Dampfzentrale,Marzilistrasse 45,3005,Bern,Active
479,46.9581458,7.4349895,Neufeldstrasse Ost,Neufeldstrasse 129,3012,Bern,Active
480,46.9371088,7.4322402,Beaumont,Seftigenstrasse 41,3007,Bern,Active
481,46.9320203,7.4330474,Zieglerspital,Heckenweg 63,3007,Bern,Active
482,46.9364423,7.437876,Friedheimweg SECO,Friedheimweg 9f,3007,Bern,Active
483,46.9390885,7.4286407,Beaumontweg,Schwarzenburgstrasse 21,3007,Bern,Active
484,46.9456022,7.434734,Seilerstrasse,Seilerstrasse 22,3011,Bern,Active
485,46.9432858,7.4144036,Stämpflistrasse,Stoosstrasse 2,3008,Bern,Active
486,46.9503044,7.4145806,Sanpol Bern,Murtenstrasse 111,3008,Bern,Active
487,46.523858,6.6329296,Riponne,Place de la Riponne 7,1005,Lausanne,Active
488,46.517009,6.635237,"Avenue de la Gare, TX Group SA",Avenue de la Gare 12A,1003,Lausanne,Active
489,46.523333,6.625402,Chauderon,Place Chauderon 11,1003,Lausanne,Active
490,46.534129,6.606292,Prilly-Centre,Route de Cossonay 28,1008,Prilly,Active
491,46.9650342,7.4514649,Wylerbad,Scheibenstrasse 65c,3014,Bern,Active
494,45.970318,8.88374,Caslano Piazza Lago,Piazza Lago,6987,Caslano,Active
497,46.9579458,7.4537747,Breitenrainplatz,Moserstrasse 33,3013,Bern,Active
499,46.801805,7.136609,Hôpital Fribourgeois,Chemin des Pensionnats,1752,Villars-sur-Glâne,Active
500,46.794595,7.132707,MediaParc,Rue du Centre 7,1752,Villars-sur-Glâne,Active
501,46.803797,7.161559,La Neuveville,Rue de la Neuveville 37,1700,Fribourg,Active
502,46.79435,7.14049,Champriond,Route de la Veveyse 26,1700,Fribourg,Active
503,46.809589,7.14687,Softcom,Route du Jura 41,1700,Fribourg,Active
504,46.799339,7.151984,Rue du Simplon,Rue du Simplon 3,1700,Fribourg,Active
505,46.811754,7.150142,Bourgknecht,Avenue Jean-Bourgknecht,1700,Fribourg,Active
506,46.803943,7.151989,Fribourg Gare Nord,Place de la Gare 15,1700,Fribourg,Active
507,46.804568,7.155553,Place Georges Python,Square des Places 1,1700,Fribourg,Active
508,46.80295,7.15966,La Motta,Petites-Rames 18,1700,Fribourg,Active
509,46.796171649939694,7.143346608386447,Beaumont FR,Route de Beaumont 10,1700,Fribourg,Active
510,46.808006,7.155941,Quartier d'Alt,Derrière-les-Remparts 12,1700,Fribourg,Active
511,46.974841,7.453275,Spital Tiefenau,Tiefenaustrasse 110,3004,Bern,Active
513,47.380338,8.537684,Sihlquai,Sihlquai 25,8005,Zürich,Active
514,47.397885,8.596202,Bahnhof Stettbach,Bahnhof Stettbach,8051,Zürich,Active
515,47.3690153,8.5543974,Hottingerplatz,Kasinostrasse 10,8032,Zürich,Active
516,47.418472,8.561746,Sirius-Platz,Sirius-Platz,8152,Opfikon,Active
517,47.43281,8.566564,Stadthaus Opfikon,Oberhauserstrasse 25,8152,Opfikon,Active
518,47.39572,8.62328,Oberdorf,Alte Oberdorfstrasse 15,8600,Dübendorf,Active
519,47.430911,8.562033,Bahnhof Opfikon,Schaffhauserstrasse 64,8152,Opfikon,Active
520,47.40245,8.62726,Flugplatz Dübendorf,Wangenstrasse 47-39,8600,Dübendorf,Active
521,47.39733,8.61865,Stadthaus Dübendorf,Usterstrasse 1,8600,Dübendorf,Active
522,47.444516,8.582115,Schluefweg,Schluefweg 10,8302,Kloten,Active
523,47.43117,8.55845,Bahnhof Glattbrugg,Bahnhofplatz 1,8152,Opfikon,Active
524,47.451336,8.58205,Stadtplatz Kloten,Bachstrasse 8,8302,Kloten,Active
525,47.400393,8.622367,Bahnhof Dübendorf,Bettlistrasse 1,8600,Dübendorf,Active
526,47.395368,8.603989,Sonnental,Zürichstrasse 94,8600,Dübendorf,Active
527,47.44173,8.56879,Bahnhof Balsberg,Kloten Balsberg,8302,Kloten,Active
528,47.448799,8.583122,Bahnhof Kloten,Bahnhofstrasse 10,8302,Kloten,Active
529,47.424155,8.562301,Boulevard Lilienthal,Boulevard Lilienthal 2,8152,Opfikon,Active
530,47.40462,8.60465,Zwicky-Areal,Seidenplatz 3,8304,Wallisellen,Active
531,47.417668,8.593612,Schwimmbad Wallisellen,Alte Winterthurerstrasse 64,8304,Wallisellen,Active
532,47.412103,8.592144,Bahnhof Wallisellen,Signum-Platz,8304,Wallisellen,Active
535,46.802937,7.167527,Auge,Place du Petit-Saint-Jean 13a,1700,Fribourg,Active
536,47.381591,8.49038,Freilager,Rautistrasse 60,8048,Zürich,Active
537,47.416873,8.555639,Leutschenpark,Leutschenbachstrasse 50,8050,Zürich,Active
538,47.367656,8.516257,Kirche Bühl,Goldbrunnenstrasse 54,8055,Zürich,Active
539,47.402801,8.58131,Glattwiesen,Altwiesenstrasse 104,8051,Zürich,Active
540,47.403822,8.546464,Berninaplatz,Berninastrasse 45,8057,Zürich,Active
543,46.517338,6.59775,Siège du CIO,Chemin du Camping 3,1007,Lausanne,Active
544,46.52864,6.566695,Cerisaie,Avenue du Tir Fédéral 88,1024,Ecublens,Active
545,46.943536,7.463293,Egelsee,Ensingerstrasse 3,3006,Bern,Active
546,46.939462,7.46973,Elfenauweg,Elfenauweg 6a,3006,Bern,Active
547,46.942351,7.452777,Luisenstrasse,Luisenstrasse 18,3005,Bern,Active
548,46.944243,7.399437,Stöckacker Migros,Bethlehemstrasse 106,3018,Bern,Active
549,46.951735,7.416496,Forsthaus KVA / TBA,Murtenstrasse 98,3008,Bern,Active
550,46.958014,7.444949,Quartiergasse,Quartiergasse 31,3013,Bern,Active
551,46.957196,7.450895,Breitenrainstrasse,Optingenstrasse 53,3013,Bern,Active
552,46.952701,7.454585,Salem-Spital,Schänzlistrasse 33,3013,Bern,Active
553,46.944672,7.422308,Loryplatz,Könizstrasse 6,3008,Bern,Active
554,46.95251,7.467399,Ostermundigerstrasse,Ostermundigenstrasse 36,3006,Bern,Active
555,46.946839,7.4556,Mühlenplatz,Schifflaube 1,3011,Bern,Active
556,47.391289,8.537546,Schaffhauserplatz,Rotbuchstrasse 15,8006,Zürich,Active
557,47.374192,8.514116,Idaplatz,Idaplatz 4,8003,Zürich,Active
558,47.370037,8.518185,Schmiede Wiedikon,Brinerstrasse 2,8003,Zürich,Active
559,47.374241,8.525602,Bezirksgebäude,Badenerstrasse 90,8004,Zürich,Active
560,47.376467,8.526609,Helvetiaplatz,Molkenstrasse 15,8004,Zürich,Active
561,47.413733,8.541541,Center Eleven,Therese-Giehse-Strasse 11,8050,Zürich,Active
562,47.370238,8.514841,Goldbrunnenplatz,Schrennengasse 37,8003,Zürich,Active
563,47.360004,8.534227,Mythenschloss,Alfred Escher-Strasse 76,8002,Zürich,Active
564,47.345298,8.53577,GZ Wollishofen,Bachstrasse 15,8038,Zürich,Active
565,47.381149,8.532405,Zollstrasse,Neugasse 6,8005,Zürich,Active
566,47.396172,8.50373,Am Wasser,Hardeggstrasse 6,8049,Zürich,Active
567,47.381447,8.497982,Dennlerstrasse,Dennlerstrasse 23,8047,Zürich,Active
568,47.347701,8.528049,Jugendherberge,Mutschellenstrasse 114,8038,Zürich,Active
569,47.405751,8.539016,Freibad Allenmoos,Ringstrasse 82,8057,Zürich,Active
571,47.375556,8.547901,ETH/Zoologisches Museum,Karl-Schmid-Strasse 4,8006,Zürich,Active
572,47.402749,8.5355,Radiostudio,Wehntalerstrasse 98,8057,Zürich,Active
574,47.45041071949902,8.563071583930034,Flughafen Kloten,Veloabstellplatz Parking 2,8302,Kloten,Active
580,46.800445,7.122294,Petit-Moncor,Route de Petit-Moncor,1752,Villars-sur-Glâne,Active
581,46.514554,6.619263,Vaudoise Assurances,Avenue de Cour 43,1007,Lausanne,Active
583,45.97765,8.926757,IBSA,Via del Piano 7,6926,Collina,Active
584,46.006076,8.966775,Lanchetta,via delle Scuole,6900,Lugano,Active
585,46.016524,8.955876,Via Vignola,Via Trevano,6900,Lugano,Active
586,46.020198,8.97169,Via Loco,Via Loco,6900,Lugano,Active
587,46.005806,8.957374,Parco Ciani,via Lucchini,6900,Lugano,Active
588,46.037002,8.979558,Davesco,Via Vecchio Tram,6964,Davesco-Soragno,Active
589,46.9427868,7.3870759,Brünnenstrasse,Brünnenstrasse 80,3018,Bern,Active
590,46.946544688600916,7.4207811103582495,Insel West,Friedbühlstrasse 52,3008,Bern,Active
591,46.9475569,7.4266947,Insel Haupteingang,Freiburgstrasse 15,3008,Bern,Active
592,46.93718143594243,7.4393978740610605,Landoltstrasse,Bürenstrasse 1,3007,Bern,Active
593,46.97293,7.450856,Tiefenau Bahnhof,Tiefenaustrasse 109,3004,Bern,Active
594,46.9644796,7.466948,Wankdorf Sporthalle,Papiermühlestrasse 91,3014,Bern,Active
595,46.940180660348716,7.453043799962409,Jubiläumsplatz,Jubiläumsplatz 2,3005,Bern,Active
596,46.9446088,7.4290739,Schwarztorstrasse,Schwarztorstrasse 71,3007,Bern,Active
597,46.941383,7.448788,Museen Bernastrasse,Bernastrasse 23,3005,Bern,Active
598,46.38065,6.20499,"Eysins, Vieux-Collège",Rue du Vieux-Collège 3-1,1262,Eysins,Active
599,46.33296,6.19293,"Founex, village",Grand-Rue 29,1297,Founex,Active
600,46.45924,6.34011,"Rolle, Château",Place des Tilleuls,1180,Rolle,Active
601,46.45543,6.336791,"Rolle, Débarcadère",Rue du Port,1180,Rolle,Active
602,47.000176,7.461966,Zollikofen Bahnhof,Bernstrasse 189,3052,Zollikofen,Active
603,47.409405,8.596064,Glattzentrum,Neue Winterthurerstrasse 82,8304,Wallisellen,Active
605,46.46063,6.32262,"Rolle, by A-One",Z. A. La Pièce 4,1180,Rolle,Active
606,46.31526,6.19271,"Coppet, Port",Place des Ormes,1296,Coppet,Active
607,46.29934,6.16927,"Mies, Gare",Route de la gare,1295,Mies,Active
608,46.42121,6.26294,"Gland, La Dôle",Chemin de la Dôle 15-11,1196,Gland,Active
609,46.42391,6.26546,"Gland, Grand'Rue",Grand-Rue 38,1196,Gland,Active
610,46.42329,6.27557,"Gland, Montoly",Chemin de Montoly 1,1196,Gland,Active
611,46.38362,6.23574,"Nyon, Gare Sud",Rue de la gare 38,1260,Nyon,Active
612,46.37679,6.23515,"Nyon, La Plage",Route de Genève 12,1260,Nyon,Active
613,46.39236,6.23137,"Nyon, Hostel",Chemin des Plantaz 27,1260,Nyon,Active
614,46.38356,6.23973,"Nyon, Petit Perdtemps",Petit-Perdtemps,1260,Nyon,Active
616,46.975958,7.472646,Bundesamt für Energie,Mühlestrasse 4,3063,Ittigen,Active
618,45.958424,8.917052,Barbengo,Via Soreso 6,6917,Lugano,Active
619,46.016072,8.941042,Piscina Valgersa,Via Val Gersa,6942,Savosa,Active
620,45.973369,8.927351,Centro Lugano Sud,Via Cantonale,6916,Grancia,Active
625,46.03702,8.954823,Comano Centro Prospò,Parcheggio Chiesa Comano,6949,Comano,Active
626,46.55095610567505,6.57306649851556,Oassis,Chemin des Lentillières 15,1023,Crissier,Active
627,45.999094,8.945139,via Maraini,via Clemente Maraini 12,6900,Lugano,Active
628,46.00627672,8.94272889,Besso,via Besso 23,6900,Lugano,Active
629,46.009397,8.931591,Centro Giovanile,Via Dott. Giov. Polar. 34,6932,Breganzona,Active
632,46.79816,7.147493,bluefactory,Passage du Cardinal,1700,Fribourg,Active
633,46.77787,7.15074,Marly Innovation Center,Route Ancienne Papeterie 550,1723,Marly,Active
634,46.805413,7.165191,Pont de Zähringen,Route de Zähringen 2,1700,Fribourg,Active
635,46.802118,7.146355,Avenue Beauregard,Avenue de Beauregard 11,1700,Fribourg,Active
636,46.806876,7.15297,Uni Miséricorde,Avenue de l'Europe 20,1700,Fribourg,Active
637,46.79427,7.155003,Route Albert-Gockel,Route Albert-Gockel,1700,Fribourg,Active
638,47.421914,8.549832,Seebach ZüriMobil Station,Schaffhauserstrasse 509,8052,Zürich,Active
639,46.015758,8.971604,San Siro,Via al Campanile 1,6962,Viganello,Active
640,46.795871,7.156473,Faucigny,Rue P.-A.-de- Faucigny 5,1700,Fribourg,Active
641,46.81288,7.11461,Les Fluides,Route des Fluides 1,1762,Givisiez,Active
642,46.816013,7.12996,Gare de Givisiez Sud,Route des Taconnets 3,1762,Givisiez,Active
643,46.79704596417351,7.150607035291654,Arsenaux,Route des Arsenaux 6a,1700,Fribourg,Active
644,46.776964,7.16038,Marly-Cité,Route de Fribourg,1723,Marly,Active
645,46.77173,7.162033,Marly Gérine,Route de la Gruyère,1723,Marly,Active
646,46.798038,7.119618,Bois de Moncor,Route de Petit-Moncor 1A,1752,Villars-sur-Glâne,Active
647,46.80007,7.140663,Vignettaz - Daler,Route de Villars 22,1700,Fribourg,Active
648,46.949233,7.436822,Open 07:00 - 18:00 In der Velostation Schanzenbrücke,Velostation Parkterrasse,3012,Bern,Active
660,47.3525,8.527157,Muggenbühl,Mutschellenstrasse 36,8038,Zürich,Active
661,47.36910680440694,8.541427242856333,Stadthaus,Kappelergasse,8001,Zürich,Active
662,47.369181,8.505787,Heuried ZüriMobil Station,Wasserschöpfi,8055,Zürich,Active
663,46.951897864484735,7.442042659901252,Kleeplatz / Bollwerk,Bollwerk 41,3011,Bern,Active
664,46.011494,8.961011,Campus Est,Via la Santa,6962,Viganello,Active
665,46.92962527658024,7.4209414544658925,Liebefeld Park,Bündenackerstrasse 1,3098,Köniz,Active
666,46.997311304908294,7.458796441962296,Ziegelei Märit,Märitgasse 1,3052,Zollikofen,Active
667,46.99996912619948,7.442087059202756,Geisshubel Zollikofen,Im Kläyhof 2,3052,Zollikofen,Active
668,46.93369386095887,7.423407106637636,Jägerweg,Schwarzenburgstrasse 105,3097,Köniz,Active
669,46.99202428819717,7.457368930354201,Unterzollikofen Bahnhof,Lätternweg 6,3052,Zollikofen,Active
670,46.9313589644514,7.446041234885444,Sandrain,Seftigenstrasse 186a,3098,Köniz,Active
671,46.92898585565497,7.450277590824284,Wabern Zentrum,Waldblickstrasse 8,3084,Köniz,Active
673,46.931588810237784,7.485518127326376,Sternen Muri,Thunstrasse 74a,3074,Muri,Active
674,46.93357261917911,7.505070609131323,Bahnhof Gümligen,Worbstrasse 210,3074,Muri,Active
675,46.95906857,7.47775778,Burgfeld,Mittelholzerstrasse 30,3006,Bern,Active
676,46.9461220614124,7.475815366515189,Schöngrün-Vermont,Weltistrasse 40,3006,Bern,Active
677,46.949100687820106,7.433277786246504,Stadtbachstrasse,Pavillonweg 13,3012,Bern,Active
680,46.946852812713296,7.483654624791477,Merzenacker,Obere Zollgasse 94,3006,Bern,Active
681,46.93987160970557,7.425113039012359,Weberstrasse,Weberstrasse 25,3007,Bern,Active
682,46.938845,7.4210796,Kirchbergerstrasse,Kirchbergerstrasse 41,3008,Bern,Active
683,46.948471616973904,7.450529302235038,Rathausgasse,Rathausgasse 31,3000,Bern,Active
684,45.87125166693927,8.98675487202064,Mendrisio Municipio,Via Municipio,6850,Mendrisio,Active
685,45.87216325637743,8.983528791038395,Mendrisio CPI,Via Franco Zorzi,6850,Mendrisio,Active
686,45.8762029265714,8.981280464481735,Mendrisio Fox Town,Via Moree,6850,Mendrisio,Active
687,45.84024833885875,8.997598436485646,Incrocio via Torraccia - via Cereda,Via Torraccia 1,6883,Novazzano,Active
688,45.86552127511925,8.977682352126578,Mendrisio Mercato Coperto,Via Campo Sportivo,6850,Mendrisio,Active
689,45.82606824449524,9.013036784694819,Pedrinate,Strade Regina 5,6832,Pedrinate,Active
690,45.83031984322107,8.996931081752528,Seseglio,Via Campagna 4,6832,Pedrinate (località Seseglio),Active
691,45.856501,8.988615,ColdreBike,Via San Gottardo,6877,Coldrerio,Active
692,45.83239013287111,9.03375612565858,Chiasso Stazione FFS,Piazza Elvezia,6830,Chiasso,Active
693,45.835102068444385,9.027882228092864,Chiasso Municipio,Piazza Col. C. Bernasconi 1,6830,Chiasso,Active
694,45.849794,8.944964,Stabio Stazione FFS,Via Cantonale 11,6855,Stabio,Active
695,45.848177,8.936794,Stabio via Mulino,Prati del Trevano,6855,Stabio,Active
696,45.991069,8.936421,Gentilino,Via Nocc,6925,Collina d'Oro,Active
699,45.858612,8.940146,Stabio Via Segeno,Via Segeno,6855,Stabio,Active
700,46.53125489706996,6.601886023564116,Sicpa,Route des Flumeaux 40,1008,Prilly,Active
701,47.375748,8.548599,ETH Karl-Schmid-Strasse: Mobile Station Zürich 2,Karl-Schmid-Strasse 1,8006,Zürich,Active
702,47.377779,8.546183,ETH Zentrum Leonhardstrasse,Leonhardstrasse 25a,8001,Zürich,Active
704,45.87254294486857,8.987224327562924,Mendrisio Museo,Via Vincenzo Vela,6850,Mendrisio,Active
705,45.88354716154987,8.980175414992559,Mendrisio Piscine,Via S. Martino,6850,Mendrisio,Active
706,45.903314,8.979073,Capolago Stazione FFS,Via Famiglia Carlo Scacchi,6825,Capolago,Active
707,45.86839596516475,8.97806954826163,Mendrisio Stazione FFS,Via Stefano Franscini,6850,Mendrisio,Active
708,45.87023343314977,8.987408595931916,Mendrisio Centro,Via Luigi Lavizzari,6850,Mendrisio,Active
709,45.86959228856764,8.989624365925325,Mendrisio La Filanda,Largo Mario Soldini,6859,Mendrisio,Active
710,45.87483787298627,8.937745151961444,Arzo Scuole,Via Onorio Longhi 2,6864,Mendrisio,Active
711,45.871996543772816,8.994334187178147,Salorino Nucleo,Via S. Rocco 16,6872,Mendrisio,Active
712,45.854808754188724,8.96080186040559,Genestrerio Nucleo,Piazza Baraini,6851,Genestrerio,Active
713,45.87264624215591,8.953349054900483,Besazio Nucleo,Via Besazio,6863,Beazio,Active
714,45.86245058491458,8.980687511646552,Mendrisio Comparto Scuole,Via Pier Francesco Mola,6850,Mendrisio,Active
715,45.890055,8.950718,Quartiere di Meride,Ala Caraa,6866,Meride,Active
716,45.86687922879933,8.983606564693778,Mendrisio Ospedale,Via Alfonso Turconi 25,6850,Mendrisio,Active
717,45.87153897383477,8.968208417990107,Rancate Nucleo,Piazza S. Stefano,6862,Rancate,Active
718,45.861449804710674,8.954692504152314,Ligornetto Nucleo,Via Eugenio Bernasconi 22,6853,Ligornetto,Active
719,45.845724,9.014909,Morbio Serfontana,Viale Serfontana 20,6834,Morbio Inferiore,Active
720,45.855005125749834,9.002221444016275,Castel S. Pietro alle Zocche,Via alle Zocche 7-3,6874,Castel San Pietro,Active
721,45.85200343,9.016464562,Morbio Municipio,Via Giuseppe Cereghetti 8,6834,Morbio Inferiore,Active
722,45.861628339008064,9.00898208387063,Castel S. Pietro Posta,Via Landamano G. B. Maggi 10,6874,Castel San Pietro,Active
723,45.854907,8.943853,Stabio Via Luvee,Via Luvee,6855,Stabio,Active
724,45.85527,8.93759,Stabio Via Arca,Via Arca,6855,Stabio,Active
725,45.90587981635428,8.972694428589046,Riva San Vitale - Posteggio Piazzale a Lago,Via al Lido,6826,Riva San Vitale,Active
726,46.9647833374251,7.4484037810233445,Wylergut,Dändlikerweg 48,3013,Bern,Active
730,46.46264,6.33681,"Rolle, Gare",Avenue de la gare 29,1180,Rolle,Active
731,46.380297084312886,6.240987669660989,"Nyon, Place de Savoie","Nyon, Place de Savoie",1260,Nyon,Active
732,46.388983510293066,6.223670386094328,"Nyon, Piscine du Cossy",Route de Signy 21,1260,Nyon,Active
733,46.461609,6.346166,"Rolle, Camping",Chemin de la Plage 4,1180,Rolle,Active
734,46.381576302180214,6.240310145601514,"Nyon, Château",Rue Maupertuis 2,1260,Nyon,Active
735,46.30442257745524,6.169752668043726,"Mies, Administration",Route de Veytey,1295,Mies,Active
736,46.452185194140014,6.2910599793253486,"Bursins, Place du Soleil",Place du Soleil,1183,Bursins,Active
737,46.42708,6.26574,"Gland, Eikenott",Allée du Communet,1196,Gland,Active
738,46.41916420448668,6.288709722973113,"Gland, La Falaise",Chemin de la Falaise,1196,Gland,Active
739,46.42782864376307,6.276592047529303,"Gland, En Bord",Chemin du Lavasson,1196,Gland,Active
740,46.99128453561965,7.46742522413544,HAFL Zollikofen,Länggasse 85,3052,Zollikofen,Active
742,45.87595168951277,8.987138816048143,Mendrisio Cantine,Viale alle Cantine,6850,Mendrisio,Active
743,45.84700376233985,9.005261994529603,Balerna Stazione FFS,Via Stazione,6828,Balerna,Active
744,45.849737477082186,9.008044185318527,Balerna Ossario,Via Carlo Silva 2,6828,Balerna,Active
745,45.844602,9.030907,Scuole Via Franscini,Via Stefano Franscini,6833,Vacallo,Active
746,45.841894,8.916675,Stabio - Gaggiolo,Via Gaggiolo,6855,Stabio,Active
747,45.92241761420432,8.98598929175441,Piazzale Filanda,Via Capeleta,6818,Melano,Active
748,45.93279809534134,8.973029363002908,Maroggia Stazione,Viale Stazione,6817,Maroggia,Active
749,46.01839064983639,8.952667134728758,Ospedale Civico,Via Tesserete 46,6900,Lugano,Active
750,45.95289,8.965247,Bissone,Via Collina,6816,Bissone,Active
751,45.92991043850694,8.938161232544616,Brusino Arsizio – Debarcadero,Piazza Don F. Andreoletti 1,6827,Brusino Arsizio,Active
752,46.027895,8.954881,Porza Sant'Elena,Via Cantonale,6948,Porza,Active
753,46.3221235178547,6.187826521431379,"Coppet, Rojalets",Route de Founex,1296,Coppet,Active
754,46.304039,6.179519,"Mies, Plage",Route Suisse,1295,Mies,Active
755,46.318532025495244,6.187802904461231,"Coppet, Gare",Route de Founex,1296,Coppet,Active
756,46.370779,6.228414,"Nyon, Stade de Colovray",Route de Genève 37,1260,Nyon,Active
757,46.543261033642686,6.661545646440144,Croisettes-Biopôle,Route de la Corniche 2,1066,Epalinges,Active
758,46.547872289288286,6.671632436126663,"Epalinges, Croix-Blanche",Rte de la Croix-Blanche 25,1066,Epalinges,Active
761,46.79633089439779,7.131816212475342,Le Domaine (Swiss Lodge),Chem. des Eaux-Vives 17,1752,Villars-sur-Glâne,Active
763,46.51649685275541,6.550408183414197,Vallaire,Champs-Courbes,1024,Ecublens,Active
764,46.470818,6.336435,"Mont-sur-Rolle, Eglise",Rue de Mont-le-Grand 1,1185,Mont-sur-Rolle,Active
765,46.345477,6.162667,"Chavannes-de-Bogis, Village",Route de Bogis-Bossey 41,1279,Chavannes-de-Bogis,Active
766,46.020826,8.964896,Quartiere 9,Via Industria,6963,Lugano,Active
767,46.459494,6.333472,"Rolle, Martinet",Route des Quarte-Communes 7,1180,Rolle,Active
768,46.81983868693908,7.139736435254434,Chantemerle,Route de Chantemerle 60,1763,Granges-Paccot,Active
769,46.776884,7.139565,Bel-Air,Route de Bel-Air 17,1723,Marly,Active
770,45.83472077054605,9.01820134325138,Chiasso Soldini,Via Soldini parcheggio Crocione,6830,Chiasso,Active
771,47.403145,8.609221,Eawag,Ueberlandstrasse 137,8600,Dübendorf,Active
772,46.9191591,7.4383865,WINTERPAUSE: Station Gurten Kulm ist nicht in Betrieb,Gurten - Park im Grünen,3084,Köniz,Inactive
773,46.783152,7.155408,"Marly, chemin du Pont",Chemin du Pont,1723,Marly,Active
774,45.841265,8.98136,Novazzano Centro Paese,Via alla Scuola,6883,Novazzano,Active
775,46.33961592685363,6.171960914015045,"Founex, Ecolint",Chemin de la Ferme 2,1297,Founex,Active
776,46.81936091435492,7.102468450680388,"Belfaux, Champ Bonjart",Champ Bonjart 1,1782,Belfaux,Active
777,46.80799726436817,7.143350342709623,Route des Noisetiers,Route des Noisetiers,1700,Fribourg,Active
778,46.81077819593714,7.139183090960676,P+R La Chassotte,Route du Jura,1700,Fribourg,Active
779,46.82142609198569,7.10838613913462,Gare de Belfaux-Village,Place de la Gare GFM,1782,Belfaux,Active
780,46.003948,8.961542,Foce,Via Foce,6900,Lugano,Active
781,46.018784,8.962014,CSIA,Via Brentani,6900,Lugano,Active
782,46.029052,8.969857,Ecocentro Pregassona,Via Ruggì 46,6963,Pregassona,Active
783,45.994723,8.943257,Casserina,Via Clemente Maraini 39,6900,Lugano,Active
784,45.8474329,9.0342084,"Vacallo, Piazza Municipio",Via Giacomo Puccini,6838,Vacallo,Active
786,46.5275155987152,6.5727380643235245,Café de Chavannes,Route de la Maladière 40,1022,Chavannes-près-Renens,Active
787,46.53439438272029,6.5780125706014605,Chocolaterie,Avenue de la gare 22,1022,Chavanne-près-Renens,Active
788,46.52285180329474,6.616691677562492,SEVELIN.CH,Avenue de Sévelin,1004,Lausanne,Active
789,46.51966972197189,6.632556563027347,Saint-François,Place Saint-François,1003,Lausanne,Active
790,46.52112812235608,6.64036369203716,Ours,Passage Perdonnet 1,1005,Lausanne,Active
791,46.52689212107495,6.651725094510788,Chailly,Av. de Chailly 1,1012,Lausanne,Active
793,46.7915080285386,7.1389768164662275,Marteray,Route de Marteray 21,1752,Villars-sur-Glâne,Active
794,46.7909443366818,7.127365724241438,Martinets,Route des Martinets,1752,Villars-sur-Glâne,Active
795,46.80627599825691,7.175202933966421,Schönberg Chaley,Route Joseph-Chaley,1700,Fribourg,Active
796,46.82482068793405,7.15174354915194,Forum Fribourg,Rte du Lac,1763,Granges-Paccot,Active
797,46.81795070092267,7.126884943129607,Place des Osses,Route du Tir-Fédéral,1762,Givisiez,Active
798,47.325159,8.647915,Forch,Kaltensteinstrasse 32,8127,Forch,Active
799,46.80778475,7.1029457,"Corminboeuf, Route du Centre",Route du Centre 13,1720,Corminboeuf,Active
800,46.8124563613632,7.127767764590539,Place d'Affry,Place d'Affry,1762,Givisiez,Active
801,45.844533,8.926253,Montanstahl Via Gerette,Via Gerette,6855,Stabio,Active
803,46.51196729119777,6.4849846482546685,Eglantine,Promenade de l'Eglantine 1,1110,Morges,Active
804,46.979405440906326,7.457189997936046,Worblaufen RBS Bahnhof,Tiefenaustrasse 2,3048,Ittigen,Active
806,46.544314905605354,6.586897691005923,Baumettes,Av. des Baumettes 9,1020,Renens,Active
807,46.52654734920485,6.64111195901793,CHUV,Rue du Bugnon,1011,Lausanne,Active
808,46.547024950077954,6.607627798721679,CHUV Cery,Route de Cery 60,1008,Prilly,Active
809,46.530961547725724,6.570954143053104,Cèdres,Allée des Cèdres,1022,Chavannes-près-Renens,Active
810,46.419162,6.282356,"Gland, Place Riant-Coteau",Rue du Riant-Coteau,1196,Gland,Active
811,46.417503,6.271244,"Gland, Le Midi",Rue du Midi,1196,Gland,Active
812,46.79364606401284,7.150040893601194,Route des Cliniques,Route des Cliniques,1700,Fribourg,Active
813,46.77578804990217,7.156581598521503,Ecoquartier Marly,Route du Moulin,1723,Marly,Active
814,46.96629170335004,7.48318298315503,UPD Restaurant,UPD Bern,3000,Bern,Active
815,46.96526082670581,7.481022157938033,UPD,Bolligenstrasse 111,3000,Bern,Active
816,46.9694975302973,7.485804790590767,UPD Neuhaus,u. Zollgasse 99,3063,Ittigen,Active
817,46.51673942261787,6.566454652605652,Hors service pour des raisons techniques : Starling Esplanade,Route Cantonal 31,1025,Saint-Sulpice,Active
821,46.958152075321834,7.492620923918697,Wegmühlegässli,Bernstrasse 96,3072,Ostermundigen,Active
822,46.95812,7.48801,Zollgasse,Untere Zollgasse 4,3072,Ostermundigen,Active
823,46.95611252733205,7.498312728132974,Oberfeld,Kirschbaumweg 1,3072,Ostermundigen,Active
824,46.95626329415468,7.482893566913186,Ostermundigen Bahnhof,Poststrasse 1,3072,Ostermundigen,Active
825,46.95123907638763,7.487040006612239,Waldheimstrasse,Bachstrasse 5-1,3072,Ostermundigen,Active
826,46.988369990781095,7.463319968143853,INFORAMA Zollikofen,Rütti 10,3052,Zollikofen,Active
827,47.405478,8.481071,Frankental,Frankentalerstrasse 10,8049,Zürich,Active
828,46.941794,7.390649,Fussgängerzone Bümpliz,Bümplizstrasse 112,3000,Bern,Active
829,46.8934148092464,7.3518540937205685,Thörishaus Dorf SBB SwissBikePark,Sensemattstrasse 21,3174,Thörishaus,Active
830,46.90080888317644,7.401061091966004,Gasel BLS SwissBikePark,Schwarzenburgstrasse 574a,3144,Köniz,Active
831,47.394686,8.478455,ZSC Lions,Vulkanstrasse 130,8048,Zürich,Active
832,46.025237,8.963681,Cornèr Arena - HC Lugano,Via Sonvico di Porza,6900,Lugano,Active
834,46.947649789766224,7.416924289192128,Güterstrasse,Güterstrasse 18,3008,Bern,Active
835,46.95884778357857,7.429204058387358,Gymnasium Neufeld,Bremgartenstrasse 133,3012,Bern,Active
836,46.510153,6.558052,Saint-Sulpice-centre,Chemin du Crêt,1025,Saint-Sulpice,Active
837,46.387342,6.227582,"Nyon, La Levratte",Av. Alfred Cortot,1260,Nyon,Active
838,46.505009,6.641321,Tour Haldimand - TetraLaval TetraPak,Av. Général-Guisan 70,1009,Pully,Active
839,46.52877795845398,6.614257776560184,Parc de Valency,Av. d'Echallens,1004,Lausanne,Active
840,46.80036467702836,7.175555914805134,Bourguillon,Route de Bourguillon,1722,Fribourg,Active
841,46.938446718314495,7.4808033698062095,Wittigkofen,Jupiterstrasse 1,3015,Bern,Active
842,46.93658906078831,7.395474687081315,Weidmattweg,Weidmattweg 1,3018,Bern,Active
843,46.94303954532779,7.4016277739719145,Stöckacker Süd,Bethlehemstrasse 118,3018,Bern,Active
845,45.9987921421312,8.93937873151315,"Sorengo, via Ponte Tresa",Via Ponte Tresa,6924,Sorengo,Active
846,46.09704185231821,8.922324370246264,Mezzovico Piazza Vira,Via la Cuntrada,6805,Mezzovico-Vira,Active
847,46.094684,8.928136,FFS Mezzovico-Vira,Via alla stazione,6805,Mezzovico-Vira,Active
848,46.088134,8.915069,Piaza du Buteghin,Via la Munda,6805,Mezzovico-Vira,Active
849,46.51569970026471,6.499234489270572,Beausobre,Avenue de Vertou 2,1110,Morges,Active
850,46.428783178554085,6.249760378428628,"Vich, Poste",Place Marcel Ponce,1267,Vich,Active
852,46.5183879308213,6.4569022616279925,Denens village,Rue de la Cité 2,1135,Denens,Active
853,46.51061054877812,6.659367730704223,Gare de Pully sud,Place de la Gare 1,1009,Pully,Active
854,46.514863230694175,6.658812113086054,Gare de Pully nord,Chem. du Montillier 9,1009,Pully,Active
855,46.52785589336738,6.560535663689192,Brûlée,"Rte de la Brûlée, 1024 Ecublens",1024,Ecublens,Active
856,46.399965,6.203576,"Grens, Allée des Moulins",Chemin du Nant,1274,Grens,Active
859,46.54405624882997,6.6034499977507615,Piscine de Fleur-de-Lys,Sentier de la Fleur-de-Lys 2,1008,Prilly,Active
860,45.998476,8.923755,Muzzano paese,Via Alla Selva,6933,Muzzano,Active
863,46.038841,8.946213,Cureglia,Incrocio Via San Giuseppe / Via Cantonale,6944,Cureglia,Active
864,46.008146,8.969007,Cassarate Via del Tiglio,Via del Tiglio,6900,Lugano,Active
865,45.838047,9.026857,Chiasso Piscine,Via Rinaldo Simen,6830,Chiasso,Active
866,47.407433,8.639147,Skyguide,Flugsicherungsstrasse 2,8602,Wangen,Active
867,46.9477816,7.4365087,Welle 7 Velostation (06:00-22:00)- INSIDE the building!,Merkurgässli,3008,Bern,Active
868,46.86694,9.53723,Pädagogische Hochschule Graubünden,Scalärastrasse 17,7000,Chur,Active
869,46.847347,9.509044,Fachhochschule Graubünden Comercialstrasse,Comercialstrasse 28,7000,Chur,Active
870,46.85309,9.51228,Fachhochschule Graubünden Pulvermühlestrasse,Pulvermühlestrasse 57,7000,Chur,Active
871,46.851702,9.534199,Stadthaus Chur,Masanserstrasse 2,7000,Chur,Active
872,46.85311,9.52903,Bahnhofplatz Chur,Bahnhofplatz 2,7000,Chur,Active
873,46.85417,9.52839,Bahnhof/Gürtelstrasse,Gürtelstrasse 39,7000,Chur,Active
874,46.86924,9.54073,Klinik Waldhaus,Loestrasse 220,7000,Chur,Active
875,46.86357,9.53866,Kantonsspital,Loestrasse 170,7000,Chur,Active
876,46.84647,9.53609,Kantonsschule Plessur,Münzweg 3,7000,Chur,Active
877,46.97422346344607,7.476819763848439,Papiermühle Bahnhof,Papiermühlestrasse 172,3063,Ittigen,Active
878,46.948670967854916,7.408147339558864,Los Lorentes Residences,Murtenstrasse 147,3008,Bern,Active
879,46.84898,9.5145,Sinergia,Ringstrasse 10,7000,Chur,Active
882,46.927744881476436,7.370069357719424,Bodelenweg,Bodelenweg 100,3172,Köniz,Active
883,46.96079848478852,7.433964120753491,Schwimmhalle Neufeld,Neubrückstrasse 133,3012,Bern,Active
884,46.973323,7.484832,Ittigen Bahnhof,Worblentalstrasse 86,3063,Ittigen,Active
886,47.395257,8.469131,Briefzentrum Zürich-Mülligen,Zürcherstrasse 161,8952,Schlieren,Active
